title_city,title_county,lat,lon
Andrijevica,Andrijevica,42.738881,19.785763
Andželati,Andrijevica,42.738881,19.785763
Boži?i,Andrijevica,42.738881,19.785763
Bojovi?i,Andrijevica,42.738881,19.785763
Gnjili Potok,Andrijevica,42.738881,19.785763
Gra?anica,Andrijevica,42.738881,19.785763
Dulipolje,Andrijevica,42.738881,19.785763
?uli?i,Andrijevica,42.738881,19.785763
Zabr?e,Andrijevica,42.738881,19.785763
Jošanica,Andrijevica,42.738881,19.785763
Košuti?i,Andrijevica,42.738881,19.785763
Kralje,Andrijevica,42.738881,19.785763
Kuti,Andrijevica,42.738881,19.785763
Gornje Luge,Andrijevica,42.738881,19.785763
Rijeka Marseni?a,Andrijevica,42.738881,19.785763
Oblo Brdo,Andrijevica,42.738881,19.785763
Prisoja,Andrijevica,42.738881,19.785763
Seoca,Andrijevica,42.738881,19.785763
Sjenožeta,Andrijevica,42.738881,19.785763
Slatina,Andrijevica,42.738881,19.785763
Trep?a,Andrijevica,42.738881,19.785763
Trešnjevo,Andrijevica,42.738881,19.785763
Ulotina,Andrijevica,42.738881,19.785763
Cecuni,Andrijevica,42.738881,19.785763
Arbnež,Bar,42.091726,19.090263
Bar,Bar,42.091726,19.090263
Bartula,Bar,42.091726,19.090263
Besa,Bar,42.091726,19.090263
Bjeliši,Bar,42.091726,19.090263
Bobovište,Bar,42.091726,19.090263
Boljevi?i,Bar,42.091726,19.090263
Bra?eni,Bar,42.091726,19.090263
Brijege,Bar,42.091726,19.090263
Brca,Bar,42.091726,19.090263
Bukovik,Bar,42.091726,19.090263
Burtaiši,Bar,42.091726,19.090263
Velembusi,Bar,42.091726,19.090263
Veliki Mikuli?i,Bar,42.091726,19.090263
Veliki Ostros,Bar,42.091726,19.090263
Velja Gorana,Bar,42.091726,19.090263
Velje Selo,Bar,42.091726,19.090263
Virpazar,Bar,42.091726,19.090263
Gluhi Do,Bar,42.091726,19.090263
Godinje,Bar,42.091726,19.090263
Gornja Briska,Bar,42.091726,19.090263
Gornji Br?eli,Bar,42.091726,19.090263
Gornji Muri?i,Bar,42.091726,19.090263
Grdovi?i,Bar,42.091726,19.090263
Gurza,Bar,42.091726,19.090263
Dabezi?i,Bar,42.091726,19.090263
Dedi?i,Bar,42.091726,19.090263
Dobra Voda,Bar,42.091726,19.090263
Donja Briska,Bar,42.091726,19.090263
Donji Br?eli,Bar,42.091726,19.090263
Donji Muri?i,Bar,42.091726,19.090263
Dra?evica,Bar,42.091726,19.090263
Dupilo,Bar,42.091726,19.090263
?en?inovi?i,Bar,42.091726,19.090263
?uravci,Bar,42.091726,19.090263
?urmani,Bar,42.091726,19.090263
Zagra?e,Bar,42.091726,19.090263
Zaljevo,Bar,42.091726,19.090263
Zankovi?i,Bar,42.091726,19.090263
Zgrade,Bar,42.091726,19.090263
Zupci,Bar,42.091726,19.090263
Karaniki?i,Bar,42.091726,19.090263
Komarno,Bar,42.091726,19.090263
Koštanjica,Bar,42.091726,19.090263
Krnjice,Bar,42.091726,19.090263
Kruševica,Bar,42.091726,19.090263
Kunje,Bar,42.091726,19.090263
Livari,Bar,42.091726,19.090263
Limljani,Bar,42.091726,19.090263
Luki?i,Bar,42.091726,19.090263
Mala Gorana,Bar,42.091726,19.090263
Mali Mikuli?i,Bar,42.091726,19.090263
Mali Ostros,Bar,42.091726,19.090263
Marstijepovi?i,Bar,42.091726,19.090263
Marti?i,Bar,42.091726,19.090263
Ma?uge,Bar,42.091726,19.090263
Miljevci,Bar,42.091726,19.090263
Miši?i,Bar,42.091726,19.090263
Ovto?i?i,Bar,42.091726,19.090263
Orahovo,Bar,42.091726,19.090263
Papani,Bar,42.091726,19.090263
Pelinkovi?i,Bar,42.091726,19.090263
Pe?urice,Bar,42.091726,19.090263
Pin?i?i,Bar,42.091726,19.090263
Podi,Bar,42.091726,19.090263
Polje,Bar,42.091726,19.090263
Popratnica,Bar,42.091726,19.090263
Seoca,Bar,42.091726,19.090263
Sozina,Bar,42.091726,19.090263
Sotoni?i,Bar,42.091726,19.090263
Stari Bar,Bar,42.091726,19.090263
Sustaš,Bar,42.091726,19.090263
Sutomore,Bar,42.091726,19.090263
Tejani,Bar,42.091726,19.090263
Tomba,Bar,42.091726,19.090263
Tomi?i,Bar,42.091726,19.090263
Trnovo,Bar,42.091726,19.090263
Tu?emili,Bar,42.091726,19.090263
Tur?ini,Bar,42.091726,19.090263
Utrg,Bar,42.091726,19.090263
Ckla,Bar,42.091726,19.090263
?eluga,Bar,42.091726,19.090263
Šušanj,Bar,42.091726,19.090263
Brajkova?a,Žabljak,43.154573,19.123157
Virak,Žabljak,43.154573,19.123157
Vrela,Žabljak,43.154573,19.123157
Gomile,Žabljak,43.154573,19.123157
Gradina,Žabljak,43.154573,19.123157
Dobri Nugo,Žabljak,43.154573,19.123157
Žabljak,Žabljak,43.154573,19.123157
Zminica,Žabljak,43.154573,19.123157
Krš,Žabljak,43.154573,19.123157
Moti?ki Gaj,Žabljak,43.154573,19.123157
Ninkovi?i,Žabljak,43.154573,19.123157
Novakovi?i,Žabljak,43.154573,19.123157
Njegovu?a,Žabljak,43.154573,19.123157
Palež,Žabljak,43.154573,19.123157
Pašina Voda,Žabljak,43.154573,19.123157
Pašino Polje,Žabljak,43.154573,19.123157
Pitomine,Žabljak,43.154573,19.123157
Podgora,Žabljak,43.154573,19.123157
Poš?enski Kraj,Žabljak,43.154573,19.123157
Rasova,Žabljak,43.154573,19.123157
Rudanci,Žabljak,43.154573,19.123157
Suvodo,Žabljak,43.154573,19.123157
Tepa?ko Polje,Žabljak,43.154573,19.123157
Tepca,Žabljak,43.154573,19.123157
Mala Crna Gora,Žabljak,43.154573,19.123157
Šljivansko,Žabljak,43.154573,19.123157
Šumanovac,Žabljak,43.154573,19.123157
Borje,Žabljak,43.154573,19.123157
Bare,Šavnik,42.957797,19.094365
Boan,Šavnik,42.957797,19.094365
Godijelji,Šavnik,42.957797,19.094365
Gornja Bijela,Šavnik,42.957797,19.094365
Gornja Bukovica,Šavnik,42.957797,19.094365
Grabovica,Šavnik,42.957797,19.094365
Dobra Sela,Šavnik,42.957797,19.094365
Donja Bijela,Šavnik,42.957797,19.094365
Donja Bukovica,Šavnik,42.957797,19.094365
Dubrovsko,Šavnik,42.957797,19.094365
Duži,Šavnik,42.957797,19.094365
Komarnica,Šavnik,42.957797,19.094365
Krnja Jela,Šavnik,42.957797,19.094365
Malinsko,Šavnik,42.957797,19.094365
Miloševi?i,Šavnik,42.957797,19.094365
Mljeti?ak,Šavnik,42.957797,19.094365
Mokro,Šavnik,42.957797,19.094365
Petnjica,Šavnik,42.957797,19.094365
Poš?enje,Šavnik,42.957797,19.094365
Previš,Šavnik,42.957797,19.094365
Pridvorica,Šavnik,42.957797,19.094365
Provalija,Šavnik,42.957797,19.094365
Slatina,Šavnik,42.957797,19.094365
Strug,Šavnik,42.957797,19.094365
Timar,Šavnik,42.957797,19.094365
Tušina,Šavnik,42.957797,19.094365
Šavnik,Šavnik,42.957797,19.094365
Azane,Berane,42.844994,19.874457
Babino,Berane,42.844994,19.874457
Bastahe,Berane,42.844994,19.874457
Beran Selo,Berane,42.844994,19.874457
Bor,Berane,42.844994,19.874457
Bubanje,Berane,42.844994,19.874457
Budimlja,Berane,42.844994,19.874457
Bu?e,Berane,42.844994,19.874457
Veli?e,Berane,42.844994,19.874457
Vinicka,Berane,42.844994,19.874457
Vrševo,Berane,42.844994,19.874457
Vu?a,Berane,42.844994,19.874457
Glavaca,Berane,42.844994,19.874457
Godo?elje,Berane,42.844994,19.874457
Goražde,Berane,42.844994,19.874457
Gornja Vrbica,Berane,42.844994,19.874457
Gornje Zaostro,Berane,42.844994,19.874457
Dapsi?i,Berane,42.844994,19.874457
Daš?a Rijeka,Berane,42.844994,19.874457
Dobrodole,Berane,42.844994,19.874457
Dolac,Berane,42.844994,19.874457
Donja Vrbica,Berane,42.844994,19.874457
Donja Ržanica,Berane,42.844994,19.874457
Donje Zaostro,Berane,42.844994,19.874457
Dragosava,Berane,42.844994,19.874457
Zagorje,Berane,42.844994,19.874457
Zagrad,Berane,42.844994,19.874457
Zagra?e,Berane,42.844994,19.874457
Berane,Berane,42.844994,19.874457
Javorova,Berane,42.844994,19.874457
Johovica,Berane,42.844994,19.874457
Jašovi?i,Berane,42.844994,19.874457
Kalica,Berane,42.844994,19.874457
Kaludra,Berane,42.844994,19.874457
Kruš?a,Berane,42.844994,19.874457
Kuriku?e,Berane,42.844994,19.874457
Lagatori,Berane,42.844994,19.874457
Lazi,Berane,42.844994,19.874457
Lubnice,Berane,42.844994,19.874457
Donje Luge,Berane,42.844994,19.874457
Lužac,Berane,42.844994,19.874457
Lješnica,Berane,42.844994,19.874457
Mašte,Berane,42.844994,19.874457
Mezgalji,Berane,42.844994,19.874457
Murovac,Berane,42.844994,19.874457
Orah,Berane,42.844994,19.874457
Orahovo,Berane,42.844994,19.874457
Pahulj,Berane,42.844994,19.874457
Petnjik,Berane,42.844994,19.874457
Petnjica,Berane,42.844994,19.874457
Pešca,Berane,42.844994,19.874457
Ponor,Berane,42.844994,19.874457
Poro?e,Berane,42.844994,19.874457
Pra?evac,Berane,42.844994,19.874457
Radmanci,Berane,42.844994,19.874457
Radmuževi?i,Berane,42.844994,19.874457
Rovca,Berane,42.844994,19.874457
Rujišta,Berane,42.844994,19.874457
Savin Bor,Berane,42.844994,19.874457
Skakavac,Berane,42.844994,19.874457
Tmuši?i,Berane,42.844994,19.874457
Trpezi,Berane,42.844994,19.874457
Tucanje,Berane,42.844994,19.874457
Crvljevine,Berane,42.844994,19.874457
Crni Vrh,Berane,42.844994,19.874457
Štitari,Berane,42.844994,19.874457
Bajice,Cetinje,42.390914,18.913992
Barjamovica,Cetinje,42.390914,18.913992
Bijele Poljane,Cetinje,42.390914,18.913992
Bjeloši,Cetinje,42.390914,18.913992
Bobija,Cetinje,42.390914,18.913992
Boguti,Cetinje,42.390914,18.913992
Bokovo,Cetinje,42.390914,18.913992
Velestovo,Cetinje,42.390914,18.913992
Vignjevi?i,Cetinje,42.390914,18.913992
Vojkovi?i,Cetinje,42.390914,18.913992
Vrba,Cetinje,42.390914,18.913992
Vrela,Cetinje,42.390914,18.913992
Vu?i Do,Cetinje,42.390914,18.913992
Gadji,Cetinje,42.390914,18.913992
Gornja Zaljut,Cetinje,42.390914,18.913992
Gornji Ceklin,Cetinje,42.390914,18.913992
Grab,Cetinje,42.390914,18.913992
Gradina,Cetinje,42.390914,18.913992
Gradjani,Cetinje,42.390914,18.913992
Dide,Cetinje,42.390914,18.913992
Dobrska Župa,Cetinje,42.390914,18.913992
Dobrsko Selo,Cetinje,42.390914,18.913992
Dodoši,Cetinje,42.390914,18.913992
Donja Zaljut,Cetinje,42.390914,18.913992
Donje Selo,Cetinje,42.390914,18.913992
Dragomi Do,Cetinje,42.390914,18.913992
Druši?i,Cetinje,42.390914,18.913992
Dubovik,Cetinje,42.390914,18.913992
Dubovo,Cetinje,42.390914,18.913992
Dugi Do,Cetinje,42.390914,18.913992
Dujeva,Cetinje,42.390914,18.913992
Djalci,Cetinje,42.390914,18.913992
Djinovi?i,Cetinje,42.390914,18.913992
Erakovi?i,Cetinje,42.390914,18.913992
Žabljak,Cetinje,42.390914,18.913992
Žanjev Do,Cetinje,42.390914,18.913992
Zabrdje,Cetinje,42.390914,18.913992
Zagora,Cetinje,42.390914,18.913992
Za?ir,Cetinje,42.390914,18.913992
Izvori,Cetinje,42.390914,18.913992
Jankovi?i,Cetinje,42.390914,18.913992
Jezer,Cetinje,42.390914,18.913992
Kobilji Do,Cetinje,42.390914,18.913992
Kopito,Cetinje,42.390914,18.913992
Kosijeri,Cetinje,42.390914,18.913992
Kranji Do,Cetinje,42.390914,18.913992
Ku?išta,Cetinje,42.390914,18.913992
Lastva,Cetinje,42.390914,18.913992
Lipa,Cetinje,42.390914,18.913992
Lješev Stub,Cetinje,42.390914,18.913992
Majstori,Cetinje,42.390914,18.913992
Malošin Do,Cetinje,42.390914,18.913992
Markovina,Cetinje,42.390914,18.913992
Meterizi,Cetinje,42.390914,18.913992
Mikuli?i,Cetinje,42.390914,18.913992
Milijevi?i,Cetinje,42.390914,18.913992
Mužovi?i,Cetinje,42.390914,18.913992
Njeguši,Cetinje,42.390914,18.913992
Obzovica,Cetinje,42.390914,18.913992
Ožegovice,Cetinje,42.390914,18.913992
O?evi?i,Cetinje,42.390914,18.913992
O?ini?i,Cetinje,42.390914,18.913992
Pa?aradje,Cetinje,42.390914,18.913992
Pejovi?i,Cetinje,42.390914,18.913992
Petrov Do,Cetinje,42.390914,18.913992
Poda,Cetinje,42.390914,18.913992
Podbukovica,Cetinje,42.390914,18.913992
Prevlaka,Cetinje,42.390914,18.913992
Prediš,Cetinje,42.390914,18.913992
Prekornica,Cetinje,42.390914,18.913992
Prentin Do,Cetinje,42.390914,18.913992
Proseni Do,Cetinje,42.390914,18.913992
Radomir,Cetinje,42.390914,18.913992
Rai?evi?i,Cetinje,42.390914,18.913992
Rvaši,Cetinje,42.390914,18.913992
Resna,Cetinje,42.390914,18.913992
Ržani Do,Cetinje,42.390914,18.913992
Rijeka Crnojevi?a,Cetinje,42.390914,18.913992
Rije?ani,Cetinje,42.390914,18.913992
Roko?i,Cetinje,42.390914,18.913992
Smokovci,Cetinje,42.390914,18.913992
Tomi?i,Cetinje,42.390914,18.913992
Trešnjevo,Cetinje,42.390914,18.913992
Trnjine,Cetinje,42.390914,18.913992
Uba,Cetinje,42.390914,18.913992
Ubli,Cetinje,42.390914,18.913992
Ublice,Cetinje,42.390914,18.913992
Ugnji,Cetinje,42.390914,18.913992
Uli?i,Cetinje,42.390914,18.913992
Cetinje,Cetinje,42.390914,18.913992
?evo,Cetinje,42.390914,18.913992
?ešljari,Cetinje,42.390914,18.913992
Šin?on,Cetinje,42.390914,18.913992
Štitari,Cetinje,42.390914,18.913992
Bare Šumanovi?a,Danilovgrad,42.583675,19.14056
Begovina,Danilovgrad,42.583675,19.14056
Bile?a,Danilovgrad,42.583675,19.14056
Bobulja,Danilovgrad,42.583675,19.14056
Bogi?evi?i,Danilovgrad,42.583675,19.14056
Boronjina,Danilovgrad,42.583675,19.14056
Brajovi?i,Danilovgrad,42.583675,19.14056
Bra?ani,Danilovgrad,42.583675,19.14056
Brijestovo,Danilovgrad,42.583675,19.14056
Veleta,Danilovgrad,42.583675,19.14056
Vini?i,Danilovgrad,42.583675,19.14056
Viš,Danilovgrad,42.583675,19.14056
Vu?ica,Danilovgrad,42.583675,19.14056
Gorica,Danilovgrad,42.583675,19.14056
Gornji Martini?i,Danilovgrad,42.583675,19.14056
Gornji Rsojevi?i,Danilovgrad,42.583675,19.14056
Gostilje Brajovi?ko,Danilovgrad,42.583675,19.14056
Gostilje Martini?ko,Danilovgrad,42.583675,19.14056
Gradina,Danilovgrad,42.583675,19.14056
Grbe,Danilovgrad,42.583675,19.14056
Gruda,Danilovgrad,42.583675,19.14056
Dabojevi?i,Danilovgrad,42.583675,19.14056
Daljam,Danilovgrad,42.583675,19.14056
Danilovgrad,Danilovgrad,42.583675,19.14056
Do Pješiva?ki,Danilovgrad,42.583675,19.14056
Dolovi,Danilovgrad,42.583675,19.14056
Donje Selo,Danilovgrad,42.583675,19.14056
Donji Martini?i,Danilovgrad,42.583675,19.14056
Donji Rsojevi?i,Danilovgrad,42.583675,19.14056
Drakovi?i,Danilovgrad,42.583675,19.14056
Djedjezi,Danilovgrad,42.583675,19.14056
?uri?kovi?i,Danilovgrad,42.583675,19.14056
Župa,Danilovgrad,42.583675,19.14056
Zagorak,Danilovgrad,42.583675,19.14056
Zagreda,Danilovgrad,42.583675,19.14056
Jabuke,Danilovgrad,42.583675,19.14056
Jastreb,Danilovgrad,42.583675,19.14056
Jelenak,Danilovgrad,42.583675,19.14056
Jovanovi?i,Danilovgrad,42.583675,19.14056
Klikova?e,Danilovgrad,42.583675,19.14056
Kopito,Danilovgrad,42.583675,19.14056
Kosi?,Danilovgrad,42.583675,19.14056
Kujava,Danilovgrad,42.583675,19.14056
Kupinovo,Danilovgrad,42.583675,19.14056
Lazarev Krst,Danilovgrad,42.583675,19.14056
Lalevi?i,Danilovgrad,42.583675,19.14056
Livade,Danilovgrad,42.583675,19.14056
Lubovo,Danilovgrad,42.583675,19.14056
Malenza,Danilovgrad,42.583675,19.14056
Mandi?i,Danilovgrad,42.583675,19.14056
Mijokusovi?i,Danilovgrad,42.583675,19.14056
Miogost,Danilovgrad,42.583675,19.14056
Mokanje,Danilovgrad,42.583675,19.14056
Mosori,Danilovgrad,42.583675,19.14056
Musterovi?i,Danilovgrad,42.583675,19.14056
Novo Selo,Danilovgrad,42.583675,19.14056
Orja Luka,Danilovgrad,42.583675,19.14056
Pitome Loze,Danilovgrad,42.583675,19.14056
Povrhpoljina,Danilovgrad,42.583675,19.14056
Podvra?e,Danilovgrad,42.583675,19.14056
Podglavica,Danilovgrad,42.583675,19.14056
Požar,Danilovgrad,42.583675,19.14056
Poljica,Danilovgrad,42.583675,19.14056
Potkula,Danilovgrad,42.583675,19.14056
Poto?ilo,Danilovgrad,42.583675,19.14056
Ržišta,Danilovgrad,42.583675,19.14056
Rošca,Danilovgrad,42.583675,19.14056
Sekuli?i,Danilovgrad,42.583675,19.14056
Sladojevo Kopito,Danilovgrad,42.583675,19.14056
Slap,Danilovgrad,42.583675,19.14056
Slatina,Danilovgrad,42.583675,19.14056
Spuž,Danilovgrad,42.583675,19.14056
Sretnja,Danilovgrad,42.583675,19.14056
Strahini?i,Danilovgrad,42.583675,19.14056
Tvorilo,Danilovgrad,42.583675,19.14056
?urilac,Danilovgrad,42.583675,19.14056
?ur?i?i,Danilovgrad,42.583675,19.14056
Frutak,Danilovgrad,42.583675,19.14056
Šobai?i,Danilovgrad,42.583675,19.14056
Šume,Danilovgrad,42.583675,19.14056
Baoši?i,Herceg Novi,42.452959,18.531434
Bijela,Herceg Novi,42.452959,18.531434
Bijelske Kruševice,Herceg Novi,42.452959,18.531434
Djenovi?i,Herceg Novi,42.452959,18.531434
Djuri?i,Herceg Novi,42.452959,18.531434
Žlijebi,Herceg Novi,42.452959,18.531434
Zelenika,Herceg Novi,42.452959,18.531434
Igalo,Herceg Novi,42.452959,18.531434
Jošice,Herceg Novi,42.452959,18.531434
Kameno,Herceg Novi,42.452959,18.531434
Kruševice,Herceg Novi,42.452959,18.531434
Kumbor,Herceg Novi,42.452959,18.531434
Kuti,Herceg Novi,42.452959,18.531434
Luštica,Herceg Novi,42.452959,18.531434
Meljine,Herceg Novi,42.452959,18.531434
Mojdež,Herceg Novi,42.452959,18.531434
Mokrine,Herceg Novi,42.452959,18.531434
Podi,Herceg Novi,42.452959,18.531434
Prijevor,Herceg Novi,42.452959,18.531434
Provodina,Herceg Novi,42.452959,18.531434
Ratiševina,Herceg Novi,42.452959,18.531434
Sasovi?i,Herceg Novi,42.452959,18.531434
Sutorina,Herceg Novi,42.452959,18.531434
Suš?epan,Herceg Novi,42.452959,18.531434
Trebesinj,Herceg Novi,42.452959,18.531434
Ubli,Herceg Novi,42.452959,18.531434
Herceg Novi,Herceg Novi,42.452959,18.531434
Babljak,Kolašin,42.823641,19.522527
Bakovi?i,Kolašin,42.823641,19.522527
Bare,Kolašin,42.823641,19.522527
Lipovska Bistrica,Kolašin,42.823641,19.522527
Mora?ka Bistrica,Kolašin,42.823641,19.522527
Blatina,Kolašin,42.823641,19.522527
Boji?i,Kolašin,42.823641,19.522527
Breza,Kolašin,42.823641,19.522527
Gornja Rovca Bulatovi?i,Kolašin,42.823641,19.522527
Velje Duboko,Kolašin,42.823641,19.522527
Višnje,Kolašin,42.823641,19.522527
Vladoš,Kolašin,42.823641,19.522527
Vlahovi?i,Kolašin,42.823641,19.522527
Vojkovi?i,Kolašin,42.823641,19.522527
Vranještica,Kolašin,42.823641,19.522527
Vrujica,Kolašin,42.823641,19.522527
Gornje Lipovo,Kolašin,42.823641,19.522527
Donje Lipovo,Kolašin,42.823641,19.522527
Dragovi?a Polje,Kolašin,42.823641,19.522527
Drijenak,Kolašin,42.823641,19.522527
Drpe,Kolašin,42.823641,19.522527
Dulovine,Kolašin,42.823641,19.522527
Djudjevina,Kolašin,42.823641,19.522527
Žirci,Kolašin,42.823641,19.522527
Izlasci,Kolašin,42.823641,19.522527
Jabuka,Kolašin,42.823641,19.522527
Jasenova,Kolašin,42.823641,19.522527
Kolašin,Kolašin,42.823641,19.522527
Kos,Kolašin,42.823641,19.522527
Bare Kraljske,Kolašin,42.823641,19.522527
Ljevišta,Kolašin,42.823641,19.522527
Liješnje,Kolašin,42.823641,19.522527
Ljuta,Kolašin,42.823641,19.522527
Mateševo,Kolašin,42.823641,19.522527
Medjurije?je,Kolašin,42.823641,19.522527
Mioska,Kolašin,42.823641,19.522527
Mora?ko Trebaljevo,Kolašin,42.823641,19.522527
Muji?a Re?ine,Kolašin,42.823641,19.522527
Mušovi?a Rijeka,Kolašin,42.823641,19.522527
Osretci,Kolašin,42.823641,19.522527
O?iba,Kolašin,42.823641,19.522527
Padež,Kolašin,42.823641,19.522527
Petrova Ravan,Kolašin,42.823641,19.522527
Plana,Kolašin,42.823641,19.522527
Ulica,Kolašin,42.823641,19.522527
Požnja,Kolašin,42.823641,19.522527
P?inja,Kolašin,42.823641,19.522527
Ravni,Kolašin,42.823641,19.522527
Raško,Kolašin,42.823641,19.522527
Radigojno,Kolašin,42.823641,19.522527
Redice,Kolašin,42.823641,19.522527
Rova?ko Trebaljevo,Kolašin,42.823641,19.522527
Svrke,Kolašin,42.823641,19.522527
Sela,Kolašin,42.823641,19.522527
Selišta,Kolašin,42.823641,19.522527
Sjerogošte,Kolašin,42.823641,19.522527
Skrbuša,Kolašin,42.823641,19.522527
Smailagi?a Polje,Kolašin,42.823641,19.522527
Smr?e,Kolašin,42.823641,19.522527
Sreteška Gora,Kolašin,42.823641,19.522527
Star?e,Kolašin,42.823641,19.522527
Tara,Kolašin,42.823641,19.522527
Trnovica,Kolašin,42.823641,19.522527
Uva?,Kolašin,42.823641,19.522527
Cerovice,Kolašin,42.823641,19.522527
Crkvine,Kolašin,42.823641,19.522527
Manastir Mora?a,Kolašin,42.823641,19.522527
Mrtvo Duboko,Kolašin,42.823641,19.522527
Ocka Gora,Kolašin,42.823641,19.522527
Rai?evina,Kolašin,42.823641,19.522527
Brateši?i,Kotor,42.424664,18.77123
Veliki Zalazi,Kotor,42.424664,18.77123
Višnjeva,Kotor,42.424664,18.77123
Vranovi?i,Kotor,42.424664,18.77123
Glavati,Kotor,42.424664,18.77123
Glavati?i?i,Kotor,42.424664,18.77123
Gornji Morinj,Kotor,42.424664,18.77123
Gornji Orahovac,Kotor,42.424664,18.77123
Gornji Stoliv,Kotor,42.424664,18.77123
Gorovi?i,Kotor,42.424664,18.77123
Dobrota,Kotor,42.424664,18.77123
Donji Morinj,Kotor,42.424664,18.77123
Donji Orahovac,Kotor,42.424664,18.77123
Donji Stoliv,Kotor,42.424664,18.77123
Dragalj,Kotor,42.424664,18.77123
Dub,Kotor,42.424664,18.77123
Zagora,Kotor,42.424664,18.77123
Zve?ava,Kotor,42.424664,18.77123
Kava?,Kotor,42.424664,18.77123
Knežlaz,Kotor,42.424664,18.77123
Kova?i,Kotor,42.424664,18.77123
Kostanjica,Kotor,42.424664,18.77123
Kotor,Kotor,42.424664,18.77123
Krimovica,Kotor,42.424664,18.77123
Kubasi,Kotor,42.424664,18.77123
Lastva Grbaljska,Kotor,42.424664,18.77123
Ledenice,Kotor,42.424664,18.77123
Lješevi?i,Kotor,42.424664,18.77123
Mali Zalazi,Kotor,42.424664,18.77123
Malov Do,Kotor,42.424664,18.77123
Mirac,Kotor,42.424664,18.77123
Muo,Kotor,42.424664,18.77123
Nalježi?i,Kotor,42.424664,18.77123
Pelinovo,Kotor,42.424664,18.77123
Perast,Kotor,42.424664,18.77123
Pištet,Kotor,42.424664,18.77123
Pobrdje,Kotor,42.424664,18.77123
Prijeradi,Kotor,42.424664,18.77123
Pr?anj,Kotor,42.424664,18.77123
Radanovi?i,Kotor,42.424664,18.77123
Risan,Kotor,42.424664,18.77123
Strp,Kotor,42.424664,18.77123
Sutvara,Kotor,42.424664,18.77123
Han,Kotor,42.424664,18.77123
?avori,Kotor,42.424664,18.77123
Šiši?i,Kotor,42.424664,18.77123
Bigova,Kotor,42.424664,18.77123
Bunovi?i,Kotor,42.424664,18.77123
Dražin Vrt,Kotor,42.424664,18.77123
Kolužunj,Kotor,42.424664,18.77123
Trešnjica,Kotor,42.424664,18.77123
Ukropci,Kotor,42.424664,18.77123
Lipci,Kotor,42.424664,18.77123
Unijerina,Kotor,42.424664,18.77123
Špiljari,Kotor,42.424664,18.77123
Škaljari,Kotor,42.424664,18.77123
Bistrica,Mojkovac,42.958668,19.581689
Gojakovi?i,Mojkovac,42.958668,19.581689
Dobrilovina,Mojkovac,42.958668,19.581689
Žari,Mojkovac,42.958668,19.581689
Lepenac,Mojkovac,42.958668,19.581689
Mojkovac,Mojkovac,42.958668,19.581689
Podbiš?e,Mojkovac,42.958668,19.581689
Stevanovac,Mojkovac,42.958668,19.581689
Štitarica,Mojkovac,42.958668,19.581689
Bjelojevi?i,Mojkovac,42.958668,19.581689
Bojna Njiva,Mojkovac,42.958668,19.581689
Brskovo,Mojkovac,42.958668,19.581689
Proš?enje,Mojkovac,42.958668,19.581689
Uroševina,Mojkovac,42.958668,19.581689
Polja,Mojkovac,42.958668,19.581689
Balosave,Nikši?,42.77329,18.944139
Bare,Nikši?,42.77329,18.944139
Bastaji,Nikši?,42.77329,18.944139
Bjeloševina,Nikši?,42.77329,18.944139
Bobotovo Groblje,Nikši?,42.77329,18.944139
Bogeti?i,Nikši?,42.77329,18.944139
Bogmilovi?i,Nikši?,42.77329,18.944139
Brezovik,Nikši?,42.77329,18.944139
Brestice,Nikši?,42.77329,18.944139
Bro?anac Viluški,Nikši?,42.77329,18.944139
Bro?anac Nikši?ki,Nikši?,42.77329,18.944139
Bršno,Nikši?,42.77329,18.944139
Bubrežak,Nikši?,42.77329,18.944139
Busak,Nikši?,42.77329,18.944139
Vasiljevi?i,Nikši?,42.77329,18.944139
Velimlje,Nikši?,42.77329,18.944139
Vidne,Nikši?,42.77329,18.944139
Vilusi,Nikši?,42.77329,18.944139
Vir,Nikši?,42.77329,18.944139
Vitasojevi?i,Nikši?,42.77329,18.944139
Višnji?a Do,Nikši?,42.77329,18.944139
Vra?enovi?i,Nikši?,42.77329,18.944139
Vrbica,Nikši?,42.77329,18.944139
Vu?ji Do,Nikši?,42.77329,18.944139
Gvozd,Nikši?,42.77329,18.944139
Gornja Trep?a,Nikši?,42.77329,18.944139
Gornje Polje,Nikši?,42.77329,18.944139
Gornje Crkvice,Nikši?,42.77329,18.944139
Gornje ?ara?e,Nikši?,42.77329,18.944139
Gosli?,Nikši?,42.77329,18.944139
Grada?ka Poljana,Nikši?,42.77329,18.944139
Granice,Nikši?,42.77329,18.944139
Grahovac,Nikši?,42.77329,18.944139
Grahovo,Nikši?,42.77329,18.944139
Dolovi,Nikši?,42.77329,18.944139
Donja Trep?a,Nikši?,42.77329,18.944139
Donje Crkvice,Nikši?,42.77329,18.944139
Donje ?aradje,Nikši?,42.77329,18.944139
Dragovolji?i,Nikši?,42.77329,18.944139
Drenoštica,Nikši?,42.77329,18.944139
Dubo?ke,Nikši?,42.77329,18.944139
Duga,Nikši?,42.77329,18.944139
Du?ice,Nikši?,42.77329,18.944139
Zavrh,Nikši?,42.77329,18.944139
Zagora,Nikši?,42.77329,18.944139
Zagrad,Nikši?,42.77329,18.944139
Zaljutnica,Nikši?,42.77329,18.944139
Zaslap,Nikši?,42.77329,18.944139
Zlostup,Nikši?,42.77329,18.944139
Ivanje,Nikši?,42.77329,18.944139
Jabuke,Nikši?,42.77329,18.944139
Javljem,Nikši?,42.77329,18.944139
Jasenovo Polje,Nikši?,42.77329,18.944139
Jugovi?i,Nikši?,42.77329,18.944139
Kazanci,Nikši?,42.77329,18.944139
Kamensko,Nikši?,42.77329,18.944139
Klenak,Nikši?,42.77329,18.944139
Kova?i,Nikši?,42.77329,18.944139
Koprivice,Nikši?,42.77329,18.944139
Koravlica,Nikši?,42.77329,18.944139
Kunak,Nikši?,42.77329,18.944139
Kuside,Nikši?,42.77329,18.944139
Kuta,Nikši?,42.77329,18.944139
Laz,Nikši?,42.77329,18.944139
Liverovi?i,Nikši?,42.77329,18.944139
Lukovo,Nikši?,42.77329,18.944139
Macavare,Nikši?,42.77329,18.944139
Medjedje,Nikši?,42.77329,18.944139
Milojevi?i,Nikši?,42.77329,18.944139
Milo?ani,Nikši?,42.77329,18.944139
Miljani?i,Nikši?,42.77329,18.944139
Miruše,Nikši?,42.77329,18.944139
Mokri Do,Nikši?,42.77329,18.944139
Morakovo,Nikši?,42.77329,18.944139
Nikši?,Nikši?,42.77329,18.944139
Nudo,Nikši?,42.77329,18.944139
Oblatno,Nikši?,42.77329,18.944139
Ozrini?i,Nikši?,42.77329,18.944139
Orah,Nikši?,42.77329,18.944139
Orlina,Nikši?,42.77329,18.944139
Petrovi?i,Nikši?,42.77329,18.944139
Pilatovci,Nikši?,42.77329,18.944139
Povija,Nikši?,42.77329,18.944139
Podbožur,Nikši?,42.77329,18.944139
Podvrš,Nikši?,42.77329,18.944139
Ponikvica,Nikši?,42.77329,18.944139
Po?ekovi?i,Nikši?,42.77329,18.944139
Praga,Nikši?,42.77329,18.944139
Prigradina,Nikši?,42.77329,18.944139
Prisoje,Nikši?,42.77329,18.944139
Rastovac,Nikši?,42.77329,18.944139
Ri?ani,Nikši?,42.77329,18.944139
Rije?ani,Nikši?,42.77329,18.944139
Rudine,Nikši?,42.77329,18.944139
Sjenokosi,Nikši?,42.77329,18.944139
Smrduša,Nikši?,42.77329,18.944139
Somina,Nikši?,42.77329,18.944139
Spila,Nikši?,42.77329,18.944139
Srijede,Nikši?,42.77329,18.944139
Staro Selo,Nikši?,42.77329,18.944139
Stuba,Nikši?,42.77329,18.944139
Stubica,Nikši?,42.77329,18.944139
Tupan,Nikši?,42.77329,18.944139
Ubli,Nikši?,42.77329,18.944139
Carine,Nikši?,42.77329,18.944139
Cerovo,Nikši?,42.77329,18.944139
Crnodoli,Nikši?,42.77329,18.944139
Šipa?no,Nikši?,42.77329,18.944139
Štedim,Nikši?,42.77329,18.944139
Štitari,Nikši?,42.77329,18.944139
Bogaji?i,Plav,42.59557,19.945012
Brezojevica,Plav,42.59557,19.945012
Velika,Plav,42.59557,19.945012
Višnjevo,Plav,42.59557,19.945012
Vojno Selo,Plav,42.59557,19.945012
Vusanje,Plav,42.59557,19.945012
Gornja Rženica,Plav,42.59557,19.945012
Grn?ar,Plav,42.59557,19.945012
Gusinje,Plav,42.59557,19.945012
Dolja,Plav,42.59557,19.945012
Dosudje,Plav,42.59557,19.945012
Djuri?ka Rijeka,Plav,42.59557,19.945012
Kolenovi?i,Plav,42.59557,19.945012
Kruševo,Plav,42.59557,19.945012
Martinovi?i,Plav,42.59557,19.945012
Mašnica,Plav,42.59557,19.945012
Meteh,Plav,42.59557,19.945012
Murino,Plav,42.59557,19.945012
Novši?i,Plav,42.59557,19.945012
Plav,Plav,42.59557,19.945012
Prnjavor,Plav,42.59557,19.945012
Ski?,Plav,42.59557,19.945012
Hoti,Plav,42.59557,19.945012
Ali?i,Pljevlja,43.359993,19.359988
Boš?inovi?i,Pljevlja,43.359993,19.359988
Beljkovi?i,Pljevlja,43.359993,19.359988
Bjeloševina,Pljevlja,43.359993,19.359988
Bobovo,Pljevlja,43.359993,19.359988
Boljani?i,Pljevlja,43.359993,19.359988
Boriši?i,Pljevlja,43.359993,19.359988
Borova,Pljevlja,43.359993,19.359988
Borovica,Pljevlja,43.359993,19.359988
Brda,Pljevlja,43.359993,19.359988
Bujaci,Pljevlja,43.359993,19.359988
Buri?i,Pljevlja,43.359993,19.359988
Bušnje,Pljevlja,43.359993,19.359988
Varine,Pljevlja,43.359993,19.359988
Vaškovo,Pljevlja,43.359993,19.359988
Velike Kr?e,Pljevlja,43.359993,19.359988
Vidre,Pljevlja,43.359993,19.359988
Vijenac,Pljevlja,43.359993,19.359988
Vili?i,Pljevlja,43.359993,19.359988
Višnjica,Pljevlja,43.359993,19.359988
Vodno,Pljevlja,43.359993,19.359988
Vojtina,Pljevlja,43.359993,19.359988
Vrba,Pljevlja,43.359993,19.359988
Vrbica,Pljevlja,43.359993,19.359988
Vrulja,Pljevlja,43.359993,19.359988
Vukši?i,Pljevlja,43.359993,19.359988
Geuši,Pljevlja,43.359993,19.359988
Gliba?i,Pljevlja,43.359993,19.359988
Glisnica,Pljevlja,43.359993,19.359988
Gornja Brvenica,Pljevlja,43.359993,19.359988
Gornje Selo,Pljevlja,43.359993,19.359988
Gotovuša,Pljevlja,43.359993,19.359988
Gradac,Pljevlja,43.359993,19.359988
Gradina,Pljevlja,43.359993,19.359988
Grevo,Pljevlja,43.359993,19.359988
Donja Brvenica,Pljevlja,43.359993,19.359988
Dragaši,Pljevlja,43.359993,19.359988
Dubac,Pljevlja,43.359993,19.359988
Dubo?ica,Pljevlja,43.359993,19.359988
Dubrava,Pljevlja,43.359993,19.359988
Dužice,Pljevlja,43.359993,19.359988
Durutovi?i,Pljevlja,43.359993,19.359988
?uli,Pljevlja,43.359993,19.359988
?ur?evi?a Tara,Pljevlja,43.359993,19.359988
Židovi?i,Pljevlja,43.359993,19.359988
Zabr?e,Pljevlja,43.359993,19.359988
Zaselje,Pljevlja,43.359993,19.359988
Zbljevo,Pljevlja,43.359993,19.359988
Zekavice,Pljevlja,43.359993,19.359988
Zenica,Pljevlja,43.359993,19.359988
Zorlovi?i,Pljevlja,43.359993,19.359988
Jabuka,Pljevlja,43.359993,19.359988
Jagodni Do,Pljevlja,43.359993,19.359988
Jasen,Pljevlja,43.359993,19.359988
Jahovi?i,Pljevlja,43.359993,19.359988
Jugovo,Pljevlja,43.359993,19.359988
Kakmuži,Pljevlja,43.359993,19.359988
Kaluši?i,Pljevlja,43.359993,19.359988
Katun,Pljevlja,43.359993,19.359988
Klakorina,Pljevlja,43.359993,19.359988
Kova?i,Pljevlja,43.359993,19.359988
Kova?evi?i,Pljevlja,43.359993,19.359988
Kozica,Pljevlja,43.359993,19.359988
Komine,Pljevlja,43.359993,19.359988
Kordovina,Pljevlja,43.359993,19.359988
Kosanica,Pljevlja,43.359993,19.359988
Kotlaji?i,Pljevlja,43.359993,19.359988
Kotline,Pljevlja,43.359993,19.359988
Kotorac,Pljevlja,43.359993,19.359988
Košare,Pljevlja,43.359993,19.359988
Kržava,Pljevlja,43.359993,19.359988
Kr?evina,Pljevlja,43.359993,19.359988
Krupice,Pljevlja,43.359993,19.359988
Kruševo,Pljevlja,43.359993,19.359988
Kukavica,Pljevlja,43.359993,19.359988
Ladjana,Pljevlja,43.359993,19.359988
Lever Tara,Pljevlja,43.359993,19.359988
Leovo Brdo,Pljevlja,43.359993,19.359988
Lijeska,Pljevlja,43.359993,19.359988
Lugovi,Pljevlja,43.359993,19.359988
Ljuti?i,Pljevlja,43.359993,19.359988
Lju?e,Pljevlja,43.359993,19.359988
Male Kr?e,Pljevlja,43.359993,19.359988
Mao?e,Pljevlja,43.359993,19.359988
Mataruge,Pljevlja,43.359993,19.359988
Madžari,Pljevlja,43.359993,19.359988
Meljak,Pljevlja,43.359993,19.359988
Metaljka,Pljevlja,43.359993,19.359988
Mijakovi?i,Pljevlja,43.359993,19.359988
Milakovi?i,Pljevlja,43.359993,19.359988
Miluni?i,Pljevlja,43.359993,19.359988
Mironi?i,Pljevlja,43.359993,19.359988
Moraice,Pljevlja,43.359993,19.359988
Mo?evi?i,Pljevlja,43.359993,19.359988
Mrzovi?i,Pljevlja,43.359993,19.359988
Mr?evo,Pljevlja,43.359993,19.359988
Mr?i?i,Pljevlja,43.359993,19.359988
Nange,Pljevlja,43.359993,19.359988
Obarde,Pljevlja,43.359993,19.359988
Ogradjenica,Pljevlja,43.359993,19.359988
Orlja,Pljevlja,43.359993,19.359988
Otilovi?i,Pljevlja,43.359993,19.359988
Odžak,Pljevlja,43.359993,19.359988
Petine,Pljevlja,43.359993,19.359988
Pau?e,Pljevlja,43.359993,19.359988
Pižure,Pljevlja,43.359993,19.359988
Plakala,Pljevlja,43.359993,19.359988
Planjsko,Pljevlja,43.359993,19.359988
Pliješevina,Pljevlja,43.359993,19.359988
Pliješ,Pljevlja,43.359993,19.359988
Pljevlja,Pljevlja,43.359993,19.359988
Pobla?e,Pljevlja,43.359993,19.359988
Podborova,Pljevlja,43.359993,19.359988
Popov Do,Pljevlja,43.359993,19.359988
Potkova?,Pljevlja,43.359993,19.359988
Potkrajci,Pljevlja,43.359993,19.359988
Potoci,Pljevlja,43.359993,19.359988
Potpe?e,Pljevlja,43.359993,19.359988
Potrlica,Pljevlja,43.359993,19.359988
Pra?ica,Pljevlja,43.359993,19.359988
Prem?ani,Pljevlja,43.359993,19.359988
Prehari,Pljevlja,43.359993,19.359988
Prisoji,Pljevlja,43.359993,19.359988
Proš?e,Pljevlja,43.359993,19.359988
Pušanjski Do,Pljevlja,43.359993,19.359988
Rabitlje,Pljevlja,43.359993,19.359988
Ra?evi?i,Pljevlja,43.359993,19.359988
Roma?,Pljevlja,43.359993,19.359988
Rudnica,Pljevlja,43.359993,19.359988
Rujevica,Pljevlja,43.359993,19.359988
Selac,Pljevlja,43.359993,19.359988
Selišta,Pljevlja,43.359993,19.359988
Sir?i?i,Pljevlja,43.359993,19.359988
Slatina,Pljevlja,43.359993,19.359988
Sre?anje,Pljevlja,43.359993,19.359988
Stan?ani,Pljevlja,43.359993,19.359988
Stranice,Pljevlja,43.359993,19.359988
Strahov Do,Pljevlja,43.359993,19.359988
Tvrdakovi?i,Pljevlja,43.359993,19.359988
Trnovice,Pljevlja,43.359993,19.359988
Uremovi?i,Pljevlja,43.359993,19.359988
Horevina,Pljevlja,43.359993,19.359988
Ho?evina,Pljevlja,43.359993,19.359988
Cerovci,Pljevlja,43.359993,19.359988
Crljenice,Pljevlja,43.359993,19.359988
Crni Vrh,Pljevlja,43.359993,19.359988
Crno Brdo,Pljevlja,43.359993,19.359988
Crnobori,Pljevlja,43.359993,19.359988
?avanj,Pljevlja,43.359993,19.359988
?ardak,Pljevlja,43.359993,19.359988
?erjenci,Pljevlja,43.359993,19.359988
?estin,Pljevlja,43.359993,19.359988
Šljivansko,Pljevlja,43.359993,19.359988
Šljuke,Pljevlja,43.359993,19.359988
Šula,Pljevlja,43.359993,19.359988
Šumani,Pljevlja,43.359993,19.359988
Paljevine,Pljevlja,43.359993,19.359988
Kolijevka,Pljevlja,43.359993,19.359988
Tatarovina,Pljevlja,43.359993,19.359988
Babi?i,Plužine,43.154143,18.841037
Bajovo Polje,Plužine,43.154143,18.841037
Barni Do,Plužine,43.154143,18.841037
Bezuje,Plužine,43.154143,18.841037
Bojati,Plužine,43.154143,18.841037
Bori?je,Plužine,43.154143,18.841037
Borkovi?i,Plužine,43.154143,18.841037
Brijeg,Plužine,43.154143,18.841037
Brljevo,Plužine,43.154143,18.841037
Bukovac,Plužine,43.154143,18.841037
Vojinovi?i,Plužine,43.154143,18.841037
Goransko,Plužine,43.154143,18.841037
Gornja Brezna,Plužine,43.154143,18.841037
Donja Brezna,Plužine,43.154143,18.841037
Dubljevi?i,Plužine,43.154143,18.841037
Žei?no,Plužine,43.154143,18.841037
Zabrdje,Plužine,43.154143,18.841037
Zukva,Plužine,43.154143,18.841037
Jerini?i,Plužine,43.154143,18.841037
Kneževi?i,Plužine,43.154143,18.841037
Kova?i,Plužine,43.154143,18.841037
Lisina,Plužine,43.154143,18.841037
Miloševi?i,Plužine,43.154143,18.841037
Miljkovac,Plužine,43.154143,18.841037
Mratinje,Plužine,43.154143,18.841037
Nedajno,Plužine,43.154143,18.841037
Nikovi?i,Plužine,43.154143,18.841037
Osojni Orah,Plužine,43.154143,18.841037
Piš?e,Plužine,43.154143,18.841037
Plužine,Plužine,43.154143,18.841037
Poljana,Plužine,43.154143,18.841037
Crkvi?ko Polje,Plužine,43.154143,18.841037
Prisojni Orah,Plužine,43.154143,18.841037
Ravno,Plužine,43.154143,18.841037
Rudinice,Plužine,43.154143,18.841037
Seljani,Plužine,43.154143,18.841037
Smrije?no,Plužine,43.154143,18.841037
Stabna,Plužine,43.154143,18.841037
Stolac,Plužine,43.154143,18.841037
Stubica,Plužine,43.154143,18.841037
Trsa,Plužine,43.154143,18.841037
Una?,Plužine,43.154143,18.841037
Šari?i,Plužine,43.154143,18.841037
Arza,Podgorica,42.442568,19.268656
Balabani,Podgorica,42.442568,19.268656
Balo?i,Podgorica,42.442568,19.268656
Barlaj,Podgorica,42.442568,19.268656
Begova Glavica,Podgorica,42.442568,19.268656
Bezjovo,Podgorica,42.442568,19.268656
Benkaj,Podgorica,42.442568,19.268656
Beri,Podgorica,42.442568,19.268656
Berislavci,Podgorica,42.442568,19.268656
Bigor,Podgorica,42.442568,19.268656
Bijelo Polje,Podgorica,42.442568,19.268656
Bio?e,Podgorica,42.442568,19.268656
Bistrice,Podgorica,42.442568,19.268656
Blizna,Podgorica,42.442568,19.268656
Bolesestra,Podgorica,42.442568,19.268656
Botun,Podgorica,42.442568,19.268656
Brežine,Podgorica,42.442568,19.268656
Bridje,Podgorica,42.442568,19.268656
Brskut,Podgorica,42.442568,19.268656
Budza,Podgorica,42.442568,19.268656
Buronji,Podgorica,42.442568,19.268656
Velje Brdo,Podgorica,42.442568,19.268656
Veruša,Podgorica,42.442568,19.268656
Vidijenje,Podgorica,42.442568,19.268656
Vilac,Podgorica,42.442568,19.268656
Vladni,Podgorica,42.442568,19.268656
Vranj,Podgorica,42.442568,19.268656
Vranjina,Podgorica,42.442568,19.268656
Vrbica,Podgorica,42.442568,19.268656
Vukovci,Podgorica,42.442568,19.268656
Vuksanleki?i,Podgorica,42.442568,19.268656
Golubovci,Podgorica,42.442568,19.268656
Goljemadi,Podgorica,42.442568,19.268656
Gori?ani,Podgorica,42.442568,19.268656
Gornje Strav?e,Podgorica,42.442568,19.268656
Gornji Kokoti,Podgorica,42.442568,19.268656
Gornji Milješ,Podgorica,42.442568,19.268656
Gostilj,Podgorica,42.442568,19.268656
Gradac,Podgorica,42.442568,19.268656
Grbavci,Podgorica,42.442568,19.268656
Grbi Do,Podgorica,42.442568,19.268656
Gurec,Podgorica,42.442568,19.268656
Delaj,Podgorica,42.442568,19.268656
Dinoša,Podgorica,42.442568,19.268656
Dolovi,Podgorica,42.442568,19.268656
Donje Strav?e,Podgorica,42.442568,19.268656
Donji Kokoti,Podgorica,42.442568,19.268656
Donji Milješ,Podgorica,42.442568,19.268656
Draževina,Podgorica,42.442568,19.268656
Drešaj,Podgorica,42.442568,19.268656
Drume,Podgorica,42.442568,19.268656
Duga,Podgorica,42.442568,19.268656
Du?i?i,Podgorica,42.442568,19.268656
Duši?i,Podgorica,42.442568,19.268656
Duške,Podgorica,42.442568,19.268656
?urkovi?i,Podgorica,42.442568,19.268656
Zagreda,Podgorica,42.442568,19.268656
Zaugao,Podgorica,42.442568,19.268656
Kiselica,Podgorica,42.442568,19.268656
Klopot,Podgorica,42.442568,19.268656
Kopilje,Podgorica,42.442568,19.268656
Kornet,Podgorica,42.442568,19.268656
Kosor,Podgorica,42.442568,19.268656
Kotrabudan,Podgorica,42.442568,19.268656
Ko?i,Podgorica,42.442568,19.268656
Kržanja,Podgorica,42.442568,19.268656
Kruse,Podgorica,42.442568,19.268656
Krševo,Podgorica,42.442568,19.268656
Kurilo,Podgorica,42.442568,19.268656
Ljajkovi?i,Podgorica,42.442568,19.268656
Leki?i,Podgorica,42.442568,19.268656
Lijeva Rijeka,Podgorica,42.442568,19.268656
Liješnje,Podgorica,42.442568,19.268656
Liješta,Podgorica,42.442568,19.268656
Lovka,Podgorica,42.442568,19.268656
Lopate,Podgorica,42.442568,19.268656
Lužnica,Podgorica,42.442568,19.268656
Lutovo,Podgorica,42.442568,19.268656
Mataguži,Podgorica,42.442568,19.268656
Mahala,Podgorica,42.442568,19.268656
Medun,Podgorica,42.442568,19.268656
Mileti,Podgorica,42.442568,19.268656
Mitrovi?i,Podgorica,42.442568,19.268656
Mojanovi?i,Podgorica,42.442568,19.268656
Mom?e,Podgorica,42.442568,19.268656
Mrke,Podgorica,42.442568,19.268656
Mužeška,Podgorica,42.442568,19.268656
Nabon,Podgorica,42.442568,19.268656
Nikmaraš,Podgorica,42.442568,19.268656
Ožezi,Podgorica,42.442568,19.268656
Omerbožovi?i,Podgorica,42.442568,19.268656
Opasanica,Podgorica,42.442568,19.268656
Oraovice,Podgorica,42.442568,19.268656
Orasi,Podgorica,42.442568,19.268656
Orahovo,Podgorica,42.442568,19.268656
Poprat,Podgorica,42.442568,19.268656
Parci,Podgorica,42.442568,19.268656
Pelev Brijeg,Podgorica,42.442568,19.268656
Petrovi?i,Podgorica,42.442568,19.268656
Pikalj,Podgorica,42.442568,19.268656
Podhum,Podgorica,42.442568,19.268656
Ponari,Podgorica,42.442568,19.268656
Prisoja,Podgorica,42.442568,19.268656
Prifti,Podgorica,42.442568,19.268656
Progonovi?i,Podgorica,42.442568,19.268656
Rade?a,Podgorica,42.442568,19.268656
Radov?e,Podgorica,42.442568,19.268656
Raki?a Ku?e,Podgorica,42.442568,19.268656
Ra?i,Podgorica,42.442568,19.268656
Releza,Podgorica,42.442568,19.268656
Rijeka Piperska,Podgorica,42.442568,19.268656
Rudine,Podgorica,42.442568,19.268656
Selište,Podgorica,42.442568,19.268656
Seoca,Podgorica,42.442568,19.268656
Seoštica,Podgorica,42.442568,19.268656
Sjenice,Podgorica,42.442568,19.268656
Skora?,Podgorica,42.442568,19.268656
Slacko,Podgorica,42.442568,19.268656
Spinja,Podgorica,42.442568,19.268656
Srpska,Podgorica,42.442568,19.268656
Staniseli?i,Podgorica,42.442568,19.268656
Stanjevi?a Rupa,Podgorica,42.442568,19.268656
Stijena,Podgorica,42.442568,19.268656
Stjepovo,Podgorica,42.442568,19.268656
Stupovi,Podgorica,42.442568,19.268656
Sukuru?,Podgorica,42.442568,19.268656
Podgorica,Podgorica,42.442568,19.268656
Trabojin,Podgorica,42.442568,19.268656
Trmanje,Podgorica,42.442568,19.268656
Tuzi,Podgorica,42.442568,19.268656
Tuzi Ljevore?ke,Podgorica,42.442568,19.268656
?afa,Podgorica,42.442568,19.268656
?epeti?i,Podgorica,42.442568,19.268656
Ubalac,Podgorica,42.442568,19.268656
Ubli,Podgorica,42.442568,19.268656
Farmaci,Podgorica,42.442568,19.268656
Fundina,Podgorica,42.442568,19.268656
Helmnica,Podgorica,42.442568,19.268656
Cvilin,Podgorica,42.442568,19.268656
Cijevna,Podgorica,42.442568,19.268656
Crvena Paprat,Podgorica,42.442568,19.268656
Crnci,Podgorica,42.442568,19.268656
Šušunja,Podgorica,42.442568,19.268656
Baloti?i,Rožaje,42.839975,20.159995
Bandžov,Rožaje,42.839975,20.159995
Ba?,Rožaje,42.839975,20.159995
Baš?a,Rožaje,42.839975,20.159995
Besnik,Rožaje,42.839975,20.159995
Bijela Crkva,Rožaje,42.839975,20.159995
Biševo,Rožaje,42.839975,20.159995
Bogaji,Rožaje,42.839975,20.159995
Bukovica,Rožaje,42.839975,20.159995
Vu?a,Rožaje,42.839975,20.159995
Gornja Lovnica,Rožaje,42.839975,20.159995
Grahovo,Rožaje,42.839975,20.159995
Grižice,Rožaje,42.839975,20.159995
Daci?i,Rožaje,42.839975,20.159995
Donja Lovnica,Rožaje,42.839975,20.159995
Ibarac,Rožaje,42.839975,20.159995
Jablanica,Rožaje,42.839975,20.159995
Kala?e,Rožaje,42.839975,20.159995
Koljeno,Rožaje,42.839975,20.159995
Pau?ina,Rožaje,42.839975,20.159995
Plumci,Rožaje,42.839975,20.159995
Radetina,Rožaje,42.839975,20.159995
Rožaje,Rožaje,42.839975,20.159995
Seošnica,Rožaje,42.839975,20.159995
Sinanovi?i,Rožaje,42.839975,20.159995
Crnokrpe,Rožaje,42.839975,20.159995
Bogdaši?i,Tivat,42.431914,18.71128
Bogiši?i,Tivat,42.431914,18.71128
Gornja Lastva,Tivat,42.431914,18.71128
Goši?i,Tivat,42.431914,18.71128
Donja Lastva,Tivat,42.431914,18.71128
?uraševi?i,Tivat,42.431914,18.71128
Krasi?i,Tivat,42.431914,18.71128
Lepetani,Tivat,42.431914,18.71128
Milovi?i,Tivat,42.431914,18.71128
Mr?evac,Tivat,42.431914,18.71128
Radovi?i,Tivat,42.431914,18.71128
Tivat,Tivat,42.431914,18.71128
Ambula,Ulcinj,41.929836,19.224222
Bijela Gora,Ulcinj,41.929836,19.224222
Bojke,Ulcinj,41.929836,19.224222
Brajše,Ulcinj,41.929836,19.224222
Bratica,Ulcinj,41.929836,19.224222
Briska Gora,Ulcinj,41.929836,19.224222
Vladimir,Ulcinj,41.929836,19.224222
Gornja Klezna,Ulcinj,41.929836,19.224222
Gornji Štoj,Ulcinj,41.929836,19.224222
Darza,Ulcinj,41.929836,19.224222
Donja Klezna,Ulcinj,41.929836,19.224222
Donji Štoj,Ulcinj,41.929836,19.224222
Draginje,Ulcinj,41.929836,19.224222
Zoganj,Ulcinj,41.929836,19.224222
Kaliman,Ulcinj,41.929836,19.224222
Kodre,Ulcinj,41.929836,19.224222
Kolonza,Ulcinj,41.929836,19.224222
Kosi?i,Ulcinj,41.929836,19.224222
Kravari,Ulcinj,41.929836,19.224222
Kruta,Ulcinj,41.929836,19.224222
Krute,Ulcinj,41.929836,19.224222
Kru?e,Ulcinj,41.929836,19.224222
Leskovac,Ulcinj,41.929836,19.224222
Lisna Bore,Ulcinj,41.929836,19.224222
Me?re?,Ulcinj,41.929836,19.224222
Mide,Ulcinj,41.929836,19.224222
Možura,Ulcinj,41.929836,19.224222
Pistula,Ulcinj,41.929836,19.224222
Rastiš,Ulcinj,41.929836,19.224222
Re?,Ulcinj,41.929836,19.224222
Sal?,Ulcinj,41.929836,19.224222
Sveti ?or?e,Ulcinj,41.929836,19.224222
Sukobin,Ulcinj,41.929836,19.224222
Sutjel,Ulcinj,41.929836,19.224222
?urke,Ulcinj,41.929836,19.224222
Ulcinj,Ulcinj,41.929836,19.224222
Fraskanjel,Ulcinj,41.929836,19.224222
Šas,Ulcinj,41.929836,19.224222
Štodra,Ulcinj,41.929836,19.224222
Babaici,Bijelo Polje,43.037686,19.747964
Barice,Bijelo Polje,43.037686,19.747964
Bijedici,Bijelo Polje,43.037686,19.747964
Bliskovo,Bijelo Polje,43.037686,19.747964
Bojista,Bijelo Polje,43.037686,19.747964
Boljanina,Bijelo Polje,43.037686,19.747964
Boturici,Bijelo Polje,43.037686,19.747964
Voljavac,Bijelo Polje,43.037686,19.747964
Vrh,Bijelo Polje,43.037686,19.747964
Godijevo,Bijelo Polje,43.037686,19.747964
Godusa,Bijelo Polje,43.037686,19.747964
Grab Bijelo Polje,Bijelo Polje,43.037686,19.747964
Grancarevo,Bijelo Polje,43.037686,19.747964
Gubavac,Bijelo Polje,43.037686,19.747964
Dobrakovo,Bijelo Polje,43.037686,19.747964
Dobrinje,Bijelo Polje,43.037686,19.747964
Dolac - Bijelo Polje,Bijelo Polje,43.037686,19.747964
Dubovo Bijelo Polje,Bijelo Polje,43.037686,19.747964
Djalovici,Bijelo Polje,43.037686,19.747964
ziljak,Bijelo Polje,43.037686,19.747964
zurena,Bijelo Polje,43.037686,19.747964
Zaton,Bijelo Polje,43.037686,19.747964
Zminac,Bijelo Polje,43.037686,19.747964
Ivanje - BIJELO Polje,Bijelo Polje,43.037686,19.747964
Jablanovo,Bijelo Polje,43.037686,19.747964
Jabucno,Bijelo Polje,43.037686,19.747964
Jagoce,Bijelo Polje,43.037686,19.747964
Kanje,Bijelo Polje,43.037686,19.747964
Kicava,Bijelo Polje,43.037686,19.747964
Kovren,Bijelo Polje,43.037686,19.747964
Kostenica,Bijelo Polje,43.037686,19.747964
Kostici,Bijelo Polje,43.037686,19.747964
Kukulje,Bijelo Polje,43.037686,19.747964
Lazovici,Bijelo Polje,43.037686,19.747964
Laholo,Bijelo Polje,43.037686,19.747964
Lekovina,Bijelo Polje,43.037686,19.747964
Lijeska,Bijelo Polje,43.037686,19.747964
Lozna,Bijelo Polje,43.037686,19.747964
Loznica,Bijelo Polje,43.037686,19.747964
Ljesnica - Bijelo Polje,Bijelo Polje,43.037686,19.747964
Majstorovina,Bijelo Polje,43.037686,19.747964
Metanjac,Bijelo Polje,43.037686,19.747964
Milovo,Bijelo Polje,43.037686,19.747964
Mioce,Bijelo Polje,43.037686,19.747964
Mirojevici,Bijelo Polje,43.037686,19.747964
Mojstir,Bijelo Polje,43.037686,19.747964
Mokri Lug,Bijelo Polje,43.037686,19.747964
Muslici,Bijelo Polje,43.037686,19.747964
Negobratina,Bijelo Polje,43.037686,19.747964
Nedakusi,Bijelo Polje,43.037686,19.747964
Njegnjevo,Bijelo Polje,43.037686,19.747964
Obrov,Bijelo Polje,43.037686,19.747964
Okladi,Bijelo Polje,43.037686,19.747964
Orahovica,Bijelo Polje,43.037686,19.747964
Osmanbegovo Selo,Bijelo Polje,43.037686,19.747964
Ostrelj,Bijelo Polje,43.037686,19.747964
Pavino Polje,Bijelo Polje,43.037686,19.747964
Pali,Bijelo Polje,43.037686,19.747964
Pape,Bijelo Polje,43.037686,19.747964
Pecarska,Bijelo Polje,43.037686,19.747964
Pobretici,Bijelo Polje,43.037686,19.747964
Poda - Bijelo Polje,Bijelo Polje,43.037686,19.747964
Pozeginja,Bijelo Polje,43.037686,19.747964
Potkrajci - Bijelo Polje,Bijelo Polje,43.037686,19.747964
Potrk,Bijelo Polje,43.037686,19.747964
Prijelozi,Bijelo Polje,43.037686,19.747964
Pripcici,Bijelo Polje,43.037686,19.747964
Ravna Rijeka,Bijelo Polje,43.037686,19.747964
Radojeva Glava,Bijelo Polje,43.037686,19.747964
Radulici,Bijelo Polje,43.037686,19.747964
Rakita,Bijelo Polje,43.037686,19.747964
Rakonje,Bijelo Polje,43.037686,19.747964
Rasovo,Bijelo Polje,43.037686,19.747964
Rastoka,Bijelo Polje,43.037686,19.747964
Resnik,Bijelo Polje,43.037686,19.747964
Rodijelja,Bijelo Polje,43.037686,19.747964
Sadici,Bijelo Polje,43.037686,19.747964
Sela - Bijelo Polje,Bijelo Polje,43.037686,19.747964
Sipanje,Bijelo Polje,43.037686,19.747964
Sokolac,Bijelo Polje,43.037686,19.747964
Srdjevac,Bijelo Polje,43.037686,19.747964
Stozer,Bijelo Polje,43.037686,19.747964
Stubo,Bijelo Polje,43.037686,19.747964
Tomasevo,Bijelo Polje,43.037686,19.747964
Trubine,Bijelo Polje,43.037686,19.747964
Ujnice,Bijelo Polje,43.037686,19.747964
Unevine,Bijelo Polje,43.037686,19.747964
Femica Krs,Bijelo Polje,43.037686,19.747964
Cerovo - Bijelo Polje,Bijelo Polje,43.037686,19.747964
Crnis,Bijelo Polje,43.037686,19.747964
Crnca - Bijelo Polje,Bijelo Polje,43.037686,19.747964
Crhalj,Bijelo Polje,43.037686,19.747964
Ceoce,Bijelo Polje,43.037686,19.747964
Cokrlije,Bijelo Polje,43.037686,19.747964
Dzafica Brdo,Bijelo Polje,43.037686,19.747964
Sipovice,Bijelo Polje,43.037686,19.747964
Babi?a brijeg,Bijelo Polje,43.037686,19.747964
Banje selo,Bijelo Polje,43.037686,19.747964
Biokovac,Bijelo Polje,43.037686,19.747964
Bio?a,Bijelo Polje,43.037686,19.747964
Bistrica,Bijelo Polje,43.037686,19.747964
Brestovik,Bijelo Polje,43.037686,19.747964
Brzava,Bijelo Polje,43.037686,19.747964
Br?ve,Bijelo Polje,43.037686,19.747964
Vergaševi?i,Bijelo Polje,43.037686,19.747964
Vrbe,Bijelo Polje,43.037686,19.747964
Gojevi?i,Bijelo Polje,43.037686,19.747964
Gorice,Bijelo Polje,43.037686,19.747964
Gornji dio grada,Bijelo Polje,43.037686,19.747964
Dupljaci,Bijelo Polje,43.037686,19.747964
Kaševari,Bijelo Polje,43.037686,19.747964
Kneževi?i,Bijelo Polje,43.037686,19.747964
Kradenik,Bijelo Polje,43.037686,19.747964
Krsta?e,Bijelo Polje,43.037686,19.747964
Kruševo,Bijelo Polje,43.037686,19.747964
Livadice,Bijelo Polje,43.037686,19.747964
Lipnica,Bijelo Polje,43.037686,19.747964
Li?ine,Bijelo Polje,43.037686,19.747964
Mahala,Bijelo Polje,43.037686,19.747964
Medanovi?i,Bijelo Polje,43.037686,19.747964
Nikoljac,Bijelo Polje,43.037686,19.747964
Ograde,Bijelo Polje,43.037686,19.747964
Oluja,Bijelo Polje,43.037686,19.747964
Pisana jela,Bijelo Polje,43.037686,19.747964
Pruška,Bijelo Polje,43.037686,19.747964
Raklja,Bijelo Polje,43.037686,19.747964
Ribarevine,Bijelo Polje,43.037686,19.747964
Rijeke,Bijelo Polje,43.037686,19.747964
Slatka,Bijelo Polje,43.037686,19.747964
Strojtanica,Bijelo Polje,43.037686,19.747964
Sutivan,Bijelo Polje,43.037686,19.747964
Sušica,Bijelo Polje,43.037686,19.747964
?ukovac,Bijelo Polje,43.037686,19.747964
Ušanovi?i,Bijelo Polje,43.037686,19.747964
Centar grada,Bijelo Polje,43.037686,19.747964
?ampar,Bijelo Polje,43.037686,19.747964
Šolja,Bijelo Polje,43.037686,19.747964
Be?i?i,Budva,42.288104,18.842398
Bliziku?e,Budva,42.288104,18.842398
Boreti,Budva,42.288104,18.842398
Braji?i I,Budva,42.288104,18.842398
Brajici II,Budva,42.288104,18.842398
Brajici III,Budva,42.288104,18.842398
Brajici IV,Budva,42.288104,18.842398
Brda,Budva,42.288104,18.842398
Budva,Budva,42.288104,18.842398
Buljarica I,Budva,42.288104,18.842398
Buljarica II,Budva,42.288104,18.842398
Viti Do,Budva,42.288104,18.842398
Drobni?i,Budva,42.288104,18.842398
?ena?i,Budva,42.288104,18.842398
Zukovica,Budva,42.288104,18.842398
Ilino Brdo,Budva,42.288104,18.842398
Kaluderac I,Budva,42.288104,18.842398
Kaluderac II,Budva,42.288104,18.842398
Katun Rezevi?i,Budva,42.288104,18.842398
Krstac,Budva,42.288104,18.842398
Kulja?e,Budva,42.288104,18.842398
Kulja?ce Dapkovici,Budva,42.288104,18.842398
Lap?i?i,Budva,42.288104,18.842398
Markovi?i,Budva,42.288104,18.842398
Markovici Duletici,Budva,42.288104,18.842398
Novoselje I,Budva,42.288104,18.842398
Novoselje II,Budva,42.288104,18.842398
Petrovac na Moru,Budva,42.288104,18.842398
Pobori,Budva,42.288104,18.842398
Pobori Gornji,Budva,42.288104,18.842398
Podbabac,Budva,42.288104,18.842398
Podostrog I,Budva,42.288104,18.842398
Podostrog II,Budva,42.288104,18.842398
Przno I,Budva,42.288104,18.842398
Przno II,Budva,42.288104,18.842398
Prijevor I,Budva,42.288104,18.842398
Prijevor II,Budva,42.288104,18.842398
Radjenovi?i,Budva,42.288104,18.842398
Rijeka Rezevi?i,Budva,42.288104,18.842398
Sveti Stefan,Budva,42.288104,18.842398
Stanisi?i,Budva,42.288104,18.842398
Tudorovi?i,Budva,42.288104,18.842398
Cami Do,Budva,42.288104,18.842398
Celobrdo,Budva,42.288104,18.842398
Cucuke,Budva,42.288104,18.842398
